cell,cell_type
Cell1,group4
Cell2,group2
Cell3,group4
Cell4,group4
Cell5,group4
Cell6,group1
Cell7,group4
Cell8,group4
Cell9,group4
Cell10,group4
Cell11,group4
Cell12,group4
Cell13,group4
Cell14,group4
Cell15,group4
Cell16,group1
Cell17,group2
Cell18,group2
Cell19,group4
Cell20,group2
Cell21,group2
Cell22,group4
Cell23,group4
Cell24,group2
Cell25,group2
Cell26,group4
Cell27,group2
Cell28,group4
Cell29,group4
Cell30,group2
Cell31,group4
Cell32,group2
Cell33,group4
Cell34,group2
Cell35,group1
Cell36,group2
Cell37,group4
Cell38,group4
Cell39,group4
Cell40,group1
Cell41,group4
Cell42,group4
Cell43,group4
Cell44,group2
Cell45,group2
Cell46,group2
Cell47,group4
Cell48,group4
Cell49,group4
Cell50,group4
Cell51,group4
Cell52,group1
Cell53,group4
Cell54,group4
Cell55,group4
Cell56,group1
Cell57,group4
Cell58,group4
Cell59,group2
Cell60,group2
Cell61,group4
Cell62,group2
Cell63,group4
Cell64,group2
Cell65,group4
Cell66,group4
Cell67,group1
Cell68,group1
Cell69,group4
Cell70,group4
Cell71,group2
Cell72,group2
Cell73,group2
Cell74,group1
Cell75,group4
Cell76,group4
Cell77,group4
Cell78,group1
Cell79,group2
Cell80,group4
Cell81,group4
Cell82,group2
Cell83,group4
Cell84,group2
Cell85,group4
Cell86,group4
Cell87,group4
Cell88,group1
Cell89,group4
Cell90,group1
Cell91,group4
Cell92,group4
Cell93,group1
Cell94,group2
Cell95,group4
Cell96,group4
Cell97,group4
Cell98,group2
Cell99,group4
Cell100,group4
Cell101,group4
Cell102,group4
Cell103,group2
Cell104,group4
Cell105,group1
Cell106,group2
Cell107,group1
Cell108,group2
Cell109,group4
Cell110,group2
Cell111,group4
Cell112,group2
Cell113,group4
Cell114,group4
Cell115,group1
Cell116,group4
Cell117,group1
Cell118,group1
Cell119,group4
Cell120,group4
Cell121,group1
Cell122,group4
Cell123,group4
Cell124,group4
Cell125,group4
Cell126,group4
Cell127,group1
Cell128,group2
Cell129,group4
Cell130,group4
Cell131,group2
Cell132,group1
Cell133,group2
Cell134,group4
Cell135,group2
Cell136,group2
Cell137,group1
Cell138,group4
Cell139,group2
Cell140,group4
Cell141,group4
Cell142,group4
Cell143,group2
Cell144,group2
Cell145,group4
Cell146,group1
Cell147,group4
Cell148,group4
Cell149,group4
Cell150,group1
Cell151,group2
Cell152,group4
Cell153,group2
Cell154,group2
Cell155,group4
Cell156,group1
Cell157,group4
Cell158,group4
Cell159,group4
Cell160,group4
Cell161,group4
Cell162,group2
Cell163,group4
Cell164,group4
Cell165,group2
Cell166,group4
Cell167,group2
Cell168,group4
Cell169,group4
Cell170,group4
Cell171,group1
Cell172,group4
Cell173,group2
Cell174,group4
Cell175,group1
Cell176,group4
Cell177,group4
Cell178,group2
Cell179,group4
Cell180,group2
Cell181,group4
Cell182,group4
Cell183,group2
Cell184,group1
Cell185,group2
Cell186,group2
Cell187,group4
Cell188,group1
Cell189,group4
Cell190,group4
Cell191,group4
Cell192,group4
Cell193,group1
Cell194,group1
Cell195,group2
Cell196,group4
Cell197,group1
Cell198,group4
Cell199,group1
Cell200,group1
Cell201,group4
Cell202,group4
Cell203,group1
Cell204,group1
Cell205,group4
Cell206,group1
Cell207,group4
Cell208,group4
Cell209,group4
Cell210,group2
Cell211,group2
Cell212,group4
Cell213,group4
Cell214,group1
Cell215,group4
Cell216,group2
Cell217,group4
Cell218,group1
Cell219,group4
Cell220,group2
Cell221,group1
Cell222,group4
Cell223,group4
Cell224,group4
Cell225,group4
Cell226,group2
Cell227,group4
Cell228,group2
Cell229,group2
Cell230,group4
Cell231,group2
Cell232,group1
Cell233,group2
Cell234,group4
Cell235,group2
Cell236,group4
Cell237,group2
Cell238,group4
Cell239,group4
Cell240,group1
Cell241,group1
Cell242,group1
Cell243,group4
Cell244,group4
Cell245,group4
Cell246,group4
Cell247,group4
Cell248,group4
Cell249,group4
Cell250,group1
Cell251,group4
Cell252,group4
Cell253,group4
Cell254,group4
Cell255,group4
Cell256,group4
Cell257,group4
Cell258,group4
Cell259,group2
Cell260,group1
Cell261,group2
Cell262,group1
Cell263,group4
Cell264,group4
Cell265,group4
Cell266,group4
Cell267,group1
Cell268,group4
Cell269,group4
Cell270,group1
Cell271,group2
Cell272,group4
Cell273,group4
Cell274,group4
Cell275,group1
Cell276,group4
Cell277,group2
Cell278,group4
Cell279,group4
Cell280,group4
Cell281,group4
Cell282,group4
Cell283,group4
Cell284,group1
Cell285,group4
Cell286,group4
Cell287,group4
Cell288,group4
Cell289,group4
Cell290,group4
Cell291,group2
Cell292,group2
Cell293,group4
Cell294,group1
Cell295,group1
Cell296,group4
Cell297,group2
Cell298,group4
Cell299,group4
Cell300,group4
Cell301,group4
Cell302,group2
Cell303,group2
Cell304,group2
Cell305,group4
Cell306,group1
Cell307,group4
Cell308,group2
Cell309,group2
Cell310,group1
Cell311,group4
Cell312,group1
Cell313,group2
Cell314,group4
Cell315,group4
Cell316,group1
Cell317,group4
Cell318,group2
Cell319,group4
Cell320,group4
Cell321,group4
Cell322,group4
Cell323,group4
Cell324,group4
Cell325,group4
Cell326,group2
Cell327,group4
Cell328,group1
Cell329,group4
Cell330,group1
Cell331,group2
Cell332,group4
Cell333,group2
Cell334,group2
Cell335,group4
Cell336,group4
Cell337,group4
Cell338,group4
Cell339,group2
Cell340,group4
Cell341,group1
Cell342,group4
Cell343,group1
Cell344,group1
Cell345,group2
Cell346,group4
Cell347,group4
Cell348,group4
Cell349,group1
Cell350,group4
Cell351,group2
Cell352,group2
Cell353,group4
Cell354,group4
Cell355,group1
Cell356,group4
Cell357,group1
Cell358,group4
Cell359,group1
Cell360,group1
Cell361,group4
Cell362,group2
Cell363,group1
Cell364,group4
Cell365,group1
Cell366,group4
Cell367,group1
Cell368,group1
Cell369,group2
Cell370,group4
Cell371,group2
Cell372,group4
Cell373,group2
Cell374,group4
Cell375,group4
Cell376,group4
Cell377,group1
Cell378,group4
Cell379,group1
Cell380,group2
Cell381,group4
Cell382,group1
Cell383,group1
Cell384,group4
Cell385,group2
Cell386,group4
Cell387,group4
Cell388,group2
Cell389,group4
Cell390,group4
Cell391,group4
Cell392,group1
Cell393,group2
Cell394,group2
Cell395,group4
Cell396,group4
Cell397,group4
Cell398,group1
Cell399,group2
Cell400,group4
Cell401,group4
Cell402,group2
Cell403,group2
Cell404,group4
Cell405,group1
Cell406,group4
Cell407,group4
Cell408,group2
Cell409,group2
Cell410,group4
Cell411,group4
Cell412,group1
Cell413,group4
Cell414,group4
Cell415,group4
Cell416,group2
Cell417,group4
Cell418,group4
Cell419,group4
Cell420,group4
Cell421,group2
Cell422,group2
Cell423,group4
Cell424,group2
Cell425,group2
Cell426,group2
Cell427,group1
Cell428,group1
Cell429,group4
Cell430,group1
Cell431,group4
Cell432,group4
Cell433,group2
Cell434,group4
Cell435,group4
Cell436,group4
Cell437,group1
Cell438,group4
Cell439,group2
Cell440,group4
Cell441,group4
Cell442,group4
Cell443,group4
Cell444,group4
Cell445,group4
Cell446,group4
Cell447,group4
Cell448,group1
Cell449,group2
Cell450,group2
Cell451,group4
Cell452,group2
Cell453,group2
Cell454,group1
Cell455,group2
Cell456,group4
Cell457,group4
Cell458,group1
Cell459,group1
Cell460,group1
Cell461,group4
Cell462,group1
Cell463,group2
Cell464,group1
Cell465,group4
Cell466,group2
Cell467,group1
Cell468,group4
Cell469,group4
Cell470,group4
Cell471,group4
Cell472,group4
Cell473,group4
Cell474,group2
Cell475,group4
Cell476,group1
Cell477,group4
Cell478,group1
Cell479,group4
Cell480,group1
Cell481,group4
Cell482,group4
Cell483,group1
Cell484,group1
Cell485,group1
Cell486,group1
Cell487,group4
Cell488,group2
Cell489,group4
Cell490,group2
Cell491,group2
Cell492,group4
Cell493,group1
Cell494,group1
Cell495,group2
Cell496,group1
Cell497,group4
Cell498,group4
Cell499,group4
Cell500,group4
Cell501,group2
Cell502,group4
Cell503,group1
Cell504,group1
Cell505,group2
Cell506,group4
Cell507,group1
Cell508,group2
Cell509,group4
Cell510,group1
Cell511,group2
Cell512,group4
Cell513,group4
Cell514,group1
Cell515,group2
Cell516,group1
Cell517,group4
Cell518,group4
Cell519,group1
Cell520,group1
Cell521,group4
Cell522,group4
Cell523,group4
Cell524,group4
Cell525,group2
Cell526,group4
Cell527,group1
Cell528,group4
Cell529,group4
Cell530,group4
Cell531,group4
Cell532,group4
Cell533,group4
Cell534,group2
Cell535,group2
Cell536,group4
Cell537,group1
Cell538,group2
Cell539,group2
Cell540,group4
Cell541,group1
Cell542,group4
Cell543,group1
Cell544,group4
Cell545,group1
Cell546,group4
Cell547,group2
Cell548,group4
Cell549,group4
Cell550,group4
Cell551,group2
Cell552,group2
Cell553,group4
Cell554,group4
Cell555,group1
Cell556,group4
Cell557,group4
Cell558,group4
Cell559,group1
Cell560,group4
Cell561,group2
Cell562,group1
Cell563,group2
Cell564,group2
Cell565,group4
Cell566,group4
Cell567,group1
Cell568,group4
Cell569,group4
Cell570,group2
Cell571,group2
Cell572,group4
Cell573,group1
Cell574,group4
Cell575,group2
Cell576,group2
Cell577,group2
Cell578,group2
Cell579,group1
Cell580,group4
Cell581,group4
Cell582,group4
Cell583,group4
Cell584,group2
Cell585,group4
Cell586,group2
Cell587,group2
Cell588,group4
Cell589,group2
Cell590,group2
Cell591,group1
Cell592,group2
Cell593,group4
Cell594,group4
Cell595,group4
Cell596,group2
Cell597,group1
Cell598,group4
Cell599,group4
Cell600,group4
Cell601,group1
Cell602,group4
Cell603,group1
Cell604,group2
Cell605,group1
Cell606,group1
Cell607,group1
Cell608,group2
Cell609,group4
Cell610,group1
Cell611,group2
Cell612,group4
Cell613,group2
Cell614,group2
Cell615,group1
Cell616,group2
Cell617,group4
Cell618,group1
Cell619,group2
Cell620,group4
Cell621,group2
Cell622,group4
Cell623,group4
Cell624,group2
Cell625,group1
Cell626,group4
Cell627,group2
Cell628,group2
Cell629,group1
Cell630,group4
Cell631,group2
Cell632,group4
Cell633,group1
Cell634,group4
Cell635,group1
Cell636,group4
Cell637,group4
Cell638,group1
Cell639,group4
Cell640,group1
Cell641,group4
Cell642,group1
Cell643,group2
Cell644,group2
Cell645,group4
Cell646,group2
Cell647,group2
Cell648,group4
Cell649,group1
Cell650,group4
Cell651,group4
Cell652,group2
Cell653,group1
Cell654,group1
Cell655,group2
Cell656,group1
Cell657,group2
Cell658,group1
Cell659,group2
Cell660,group4
Cell661,group4
Cell662,group1
Cell663,group4
Cell664,group4
Cell665,group1
Cell666,group2
Cell667,group1
Cell668,group4
Cell669,group1
Cell670,group4
Cell671,group4
Cell672,group2
Cell673,group1
Cell674,group4
Cell675,group4
Cell676,group4
Cell677,group4
Cell678,group4
Cell679,group4
Cell680,group4
Cell681,group1
Cell682,group2
Cell683,group4
Cell684,group4
Cell685,group2
Cell686,group2
Cell687,group4
Cell688,group4
Cell689,group4
Cell690,group4
Cell691,group2
Cell692,group2
Cell693,group4
Cell694,group2
Cell695,group2
Cell696,group1
Cell697,group4
Cell698,group4
Cell699,group1
Cell700,group4
Cell701,group2
Cell702,group1
Cell703,group4
Cell704,group2
Cell705,group4
Cell706,group4
Cell707,group1
Cell708,group2
Cell709,group4
Cell710,group1
Cell711,group1
Cell712,group2
Cell713,group4
Cell714,group2
Cell715,group4
Cell716,group4
Cell717,group4
Cell718,group4
Cell719,group4
Cell720,group4
Cell721,group4
Cell722,group4
Cell723,group4
Cell724,group1
Cell725,group2
Cell726,group4
Cell727,group4
Cell728,group4
Cell729,group2
Cell730,group1
Cell731,group4
Cell732,group4
Cell733,group1
Cell734,group4
Cell735,group1
Cell736,group1
Cell737,group1
Cell738,group1
Cell739,group4
Cell740,group4
Cell741,group2
Cell742,group1
Cell743,group4
Cell744,group2
Cell745,group4
Cell746,group4
Cell747,group1
Cell748,group2
Cell749,group4
Cell750,group4
Cell751,group2
Cell752,group4
Cell753,group1
Cell754,group2
Cell755,group1
Cell756,group1
Cell757,group4
Cell758,group2
Cell759,group2
Cell760,group1
Cell761,group2
Cell762,group1
Cell763,group2
Cell764,group4
Cell765,group1
Cell766,group4
Cell767,group4
Cell768,group1
Cell769,group4
Cell770,group4
Cell771,group4
Cell772,group2
Cell773,group4
Cell774,group4
Cell775,group1
Cell776,group4
Cell777,group4
Cell778,group4
Cell779,group4
Cell780,group2
Cell781,group4
Cell782,group2
Cell783,group4
Cell784,group4
Cell785,group2
Cell786,group1
Cell787,group2
Cell788,group2
Cell789,group4
Cell790,group1
Cell791,group4
Cell792,group1
Cell793,group4
Cell794,group4
Cell795,group4
Cell796,group4
Cell797,group2
Cell798,group4
Cell799,group4
Cell800,group1
Cell801,group2
Cell802,group1
Cell803,group4
Cell804,group2
Cell805,group4
Cell806,group4
Cell807,group2
Cell808,group4
Cell809,group1
Cell810,group4
Cell811,group4
Cell812,group1
Cell813,group4
Cell814,group4
Cell815,group2
Cell816,group2
Cell817,group4
Cell818,group4
Cell819,group2
Cell820,group4
Cell821,group2
Cell822,group4
Cell823,group1
Cell824,group1
Cell825,group4
Cell826,group2
Cell827,group1
Cell828,group2
Cell829,group1
Cell830,group4
Cell831,group1
Cell832,group4
Cell833,group1
Cell834,group1
Cell835,group1
Cell836,group4
Cell837,group4
Cell838,group4
Cell839,group1
Cell840,group4
Cell841,group2
Cell842,group2
Cell843,group1
Cell844,group4
Cell845,group4
Cell846,group4
Cell847,group4
Cell848,group4
Cell849,group4
Cell850,group4
Cell851,group4
Cell852,group2
Cell853,group4
Cell854,group4
Cell855,group1
Cell856,group4
Cell857,group1
Cell858,group1
Cell859,group1
Cell860,group4
Cell861,group4
Cell862,group1
Cell863,group2
Cell864,group4
Cell865,group4
Cell866,group4
Cell867,group4
Cell868,group4
Cell869,group4
Cell870,group1
Cell871,group1
Cell872,group1
Cell873,group4
Cell874,group1
Cell875,group4
Cell876,group4
Cell877,group4
Cell878,group1
Cell879,group4
Cell880,group1
Cell881,group1
Cell882,group2
Cell883,group1
Cell884,group4
Cell885,group2
Cell886,group1
Cell887,group2
Cell888,group4
Cell889,group2
Cell890,group4
Cell891,group1
Cell892,group4
Cell893,group1
Cell894,group1
Cell895,group4
Cell896,group4
Cell897,group2
Cell898,group2
Cell899,group4
Cell900,group4
Cell901,group4
Cell902,group4
Cell903,group4
Cell904,group2
Cell905,group2
Cell906,group2
Cell907,group4
Cell908,group1
Cell909,group4
Cell910,group4
Cell911,group4
Cell912,group4
Cell913,group2
Cell914,group2
Cell915,group4
Cell916,group4
Cell917,group1
Cell918,group1
Cell919,group4
Cell920,group2
Cell921,group4
Cell922,group1
Cell923,group2
Cell924,group4
Cell925,group4
Cell926,group4
Cell927,group2
Cell928,group2
Cell929,group1
Cell930,group1
Cell931,group4
Cell932,group2
Cell933,group4
Cell934,group2
Cell935,group4
Cell936,group4
Cell937,group1
Cell938,group4
Cell939,group2
Cell940,group2
Cell941,group1
Cell942,group4
Cell943,group4
Cell944,group1
Cell945,group1
Cell946,group1
Cell947,group1
Cell948,group1
Cell949,group2
Cell950,group4
Cell951,group4
Cell952,group4
Cell953,group2
Cell954,group4
Cell955,group4
Cell956,group4
Cell957,group1
Cell958,group4
Cell959,group4
Cell960,group4
Cell961,group4
Cell962,group2
Cell963,group4
Cell964,group2
Cell965,group4
Cell966,group2
Cell967,group4
Cell968,group4
Cell969,group4
Cell970,group2
Cell971,group4
Cell972,group4
Cell973,group1
Cell974,group1
Cell975,group2
Cell976,group4
Cell977,group1
Cell978,group4
Cell979,group2
Cell980,group4
Cell981,group2
Cell982,group1
Cell983,group4
Cell984,group4
Cell985,group1
Cell986,group2
Cell987,group1
Cell988,group4
Cell989,group4
Cell990,group4
Cell991,group4
Cell992,group4
Cell993,group2
Cell994,group4
Cell995,group2
Cell996,group1
Cell997,group4
Cell998,group4
Cell999,group4
Cell1000,group2
Cell1001,group1
Cell1002,group2
Cell1003,group2
Cell1004,group1
Cell1005,group4
Cell1006,group4
Cell1007,group2
Cell1008,group4
Cell1009,group4
Cell1010,group1
Cell1011,group4
Cell1012,group4
Cell1013,group4
Cell1014,group1
Cell1015,group4
Cell1016,group2
Cell1017,group4
Cell1018,group4
Cell1019,group4
Cell1020,group4
Cell1021,group2
Cell1022,group1
Cell1023,group4
Cell1024,group4
Cell1025,group2
Cell1026,group2
Cell1027,group4
Cell1028,group1
Cell1029,group4
Cell1030,group1
Cell1031,group2
Cell1032,group1
Cell1033,group2
Cell1034,group4
Cell1035,group4
Cell1036,group2
Cell1037,group4
Cell1038,group2
Cell1039,group4
Cell1040,group4
Cell1041,group4
Cell1042,group1
Cell1043,group1
Cell1044,group4
Cell1045,group2
Cell1046,group4
Cell1047,group1
Cell1048,group1
Cell1049,group4
Cell1050,group4
Cell1051,group4
Cell1052,group1
Cell1053,group4
Cell1054,group1
Cell1055,group4
Cell1056,group1
Cell1057,group2
Cell1058,group4
Cell1059,group2
Cell1060,group2
Cell1061,group1
Cell1062,group4
Cell1063,group4
Cell1064,group2
Cell1065,group4
Cell1066,group2
Cell1067,group4
Cell1068,group2
Cell1069,group4
Cell1070,group2
Cell1071,group2
Cell1072,group1
Cell1073,group2
Cell1074,group4
Cell1075,group4
Cell1076,group4
Cell1077,group1
Cell1078,group1
Cell1079,group2
Cell1080,group2
Cell1081,group2
Cell1082,group2
Cell1083,group2
Cell1084,group1
Cell1085,group4
Cell1086,group4
Cell1087,group4
Cell1088,group1
Cell1089,group4
Cell1090,group2
Cell1091,group4
Cell1092,group4
Cell1093,group2
Cell1094,group2
Cell1095,group1
Cell1096,group4
Cell1097,group2
Cell1098,group2
Cell1099,group2
Cell1100,group1
Cell1101,group2
Cell1102,group4
Cell1103,group2
Cell1104,group4
Cell1105,group2
Cell1106,group1
Cell1107,group4
Cell1108,group4
Cell1109,group1
Cell1110,group4
Cell1111,group1
Cell1112,group2
Cell1113,group4
Cell1114,group1
Cell1115,group2
Cell1116,group4
Cell1117,group2
Cell1118,group2
Cell1119,group2
Cell1120,group4
Cell1121,group4
Cell1122,group1
Cell1123,group1
Cell1124,group4
Cell1125,group4
Cell1126,group4
Cell1127,group2
Cell1128,group4
Cell1129,group2
Cell1130,group4
Cell1131,group4
Cell1132,group1
Cell1133,group4
Cell1134,group2
Cell1135,group1
Cell1136,group4
Cell1137,group1
Cell1138,group4
Cell1139,group4
Cell1140,group4
Cell1141,group4
Cell1142,group4
Cell1143,group2
Cell1144,group4
Cell1145,group2
Cell1146,group1
Cell1147,group1
Cell1148,group1
Cell1149,group4
Cell1150,group4
Cell1151,group4
Cell1152,group4
Cell1153,group1
Cell1154,group1
Cell1155,group1
Cell1156,group4
Cell1157,group1
Cell1158,group4
Cell1159,group4
Cell1160,group4
Cell1161,group4
Cell1162,group2
Cell1163,group4
Cell1164,group2
Cell1165,group4
Cell1166,group4
Cell1167,group4
Cell1168,group4
Cell1169,group2
Cell1170,group2
Cell1171,group2
Cell1172,group4
Cell1173,group4
Cell1174,group2
Cell1175,group4
Cell1176,group2
Cell1177,group2
Cell1178,group1
Cell1179,group4
Cell1180,group4
Cell1181,group4
Cell1182,group4
Cell1183,group4
Cell1184,group4
Cell1185,group2
Cell1186,group2
Cell1187,group4
Cell1188,group4
Cell1189,group4
Cell1190,group2
Cell1191,group1
Cell1192,group1
Cell1193,group1
Cell1194,group1
Cell1195,group4
Cell1196,group1
Cell1197,group4
Cell1198,group4
Cell1199,group1
Cell1200,group2
Cell1201,group2
Cell1202,group4
Cell1203,group4
Cell1204,group4
Cell1205,group4
Cell1206,group4
Cell1207,group1
Cell1208,group4
Cell1209,group2
Cell1210,group4
Cell1211,group4
Cell1212,group4
Cell1213,group4
Cell1214,group1
Cell1215,group2
Cell1216,group4
Cell1217,group2
Cell1218,group4
Cell1219,group2
Cell1220,group4
Cell1221,group4
Cell1222,group2
Cell1223,group4
Cell1224,group1
Cell1225,group1
Cell1226,group4
Cell1227,group4
Cell1228,group4
Cell1229,group1
Cell1230,group4
Cell1231,group4
Cell1232,group4
Cell1233,group4
Cell1234,group4
Cell1235,group1
Cell1236,group1
Cell1237,group2
Cell1238,group4
Cell1239,group1
Cell1240,group4
Cell1241,group1
Cell1242,group4
Cell1243,group4
Cell1244,group1
Cell1245,group4
Cell1246,group1
Cell1247,group2
Cell1248,group4
Cell1249,group2
Cell1250,group4
Cell1251,group4
Cell1252,group4
Cell1253,group4
Cell1254,group4
Cell1255,group2
Cell1256,group1
Cell1257,group4
Cell1258,group1
Cell1259,group1
Cell1260,group4
Cell1261,group2
Cell1262,group2
Cell1263,group1
Cell1264,group2
Cell1265,group4
Cell1266,group2
Cell1267,group1
Cell1268,group2
Cell1269,group4
Cell1270,group1
Cell1271,group4
Cell1272,group2
Cell1273,group2
Cell1274,group2
Cell1275,group1
Cell1276,group1
Cell1277,group4
Cell1278,group2
Cell1279,group4
Cell1280,group4
Cell1281,group4
Cell1282,group4
Cell1283,group1
Cell1284,group4
Cell1285,group4
Cell1286,group1
Cell1287,group2
Cell1288,group1
Cell1289,group4
Cell1290,group2
Cell1291,group2
Cell1292,group2
Cell1293,group1
Cell1294,group4
Cell1295,group1
Cell1296,group1
Cell1297,group1
Cell1298,group4
Cell1299,group1
Cell1300,group1
Cell1301,group1
Cell1302,group1
Cell1303,group4
Cell1304,group4
Cell1305,group4
Cell1306,group4
Cell1307,group4
Cell1308,group2
Cell1309,group4
Cell1310,group1
Cell1311,group4
Cell1312,group4
Cell1313,group2
Cell1314,group1
Cell1315,group4
Cell1316,group1
Cell1317,group4
Cell1318,group1
Cell1319,group2
Cell1320,group4
Cell1321,group4
Cell1322,group2
Cell1323,group1
Cell1324,group2
Cell1325,group4
Cell1326,group4
Cell1327,group4
Cell1328,group4
Cell1329,group2
Cell1330,group4
Cell1331,group1
Cell1332,group1
Cell1333,group1
Cell1334,group4
Cell1335,group4
Cell1336,group4
Cell1337,group4
Cell1338,group1
Cell1339,group4
Cell1340,group4
Cell1341,group4
Cell1342,group2
Cell1343,group4
Cell1344,group4
Cell1345,group4
Cell1346,group4
Cell1347,group2
Cell1348,group2
Cell1349,group4
Cell1350,group2
Cell1351,group4
Cell1352,group2
Cell1353,group4
Cell1354,group2
Cell1355,group2
Cell1356,group2
Cell1357,group4
Cell1358,group1
Cell1359,group4
Cell1360,group2
Cell1361,group4
Cell1362,group4
Cell1363,group2
Cell1364,group4
Cell1365,group2
Cell1366,group2
Cell1367,group2
Cell1368,group4
Cell1369,group1
Cell1370,group4
Cell1371,group2
Cell1372,group2
Cell1373,group4
Cell1374,group1
Cell1375,group1
Cell1376,group4
Cell1377,group4
Cell1378,group2
Cell1379,group2
Cell1380,group1
Cell1381,group2
Cell1382,group1
Cell1383,group4
Cell1384,group4
Cell1385,group1
Cell1386,group4
Cell1387,group4
Cell1388,group2
Cell1389,group4
Cell1390,group4
Cell1391,group1
Cell1392,group2
Cell1393,group1
Cell1394,group1
Cell1395,group4
Cell1396,group4
Cell1397,group2
Cell1398,group2
Cell1399,group4
Cell1400,group2
Cell1401,group4
Cell1402,group2
Cell1403,group2
Cell1404,group2
Cell1405,group2
Cell1406,group4
Cell1407,group4
Cell1408,group4
Cell1409,group4
Cell1410,group4
Cell1411,group1
Cell1412,group2
Cell1413,group1
Cell1414,group4
Cell1415,group4
Cell1416,group4
Cell1417,group4
Cell1418,group4
Cell1419,group4
Cell1420,group4
Cell1421,group4
Cell1422,group4
Cell1423,group1
Cell1424,group4
Cell1425,group4
Cell1426,group2
Cell1427,group2
Cell1428,group1
Cell1429,group2
Cell1430,group4
Cell1431,group4
Cell1432,group4
Cell1433,group2
Cell1434,group1
Cell1435,group4
Cell1436,group4
Cell1437,group1
Cell1438,group4
Cell1439,group2
Cell1440,group4
Cell1441,group4
Cell1442,group4
Cell1443,group1
Cell1444,group4
Cell1445,group4
Cell1446,group1
Cell1447,group2
Cell1448,group1
Cell1449,group2
Cell1450,group1
Cell1451,group1
Cell1452,group4
Cell1453,group4
Cell1454,group2
Cell1455,group4
Cell1456,group2
Cell1457,group2
Cell1458,group2
Cell1459,group4
Cell1460,group4
Cell1461,group4
Cell1462,group4
Cell1463,group1
Cell1464,group2
Cell1465,group4
Cell1466,group4
Cell1467,group1
Cell1468,group4
Cell1469,group1
Cell1470,group4
Cell1471,group4
Cell1472,group1
Cell1473,group4
Cell1474,group2
Cell1475,group1
Cell1476,group2
Cell1477,group1
Cell1478,group4
Cell1479,group4
Cell1480,group1
Cell1481,group4
Cell1482,group4
Cell1483,group4
Cell1484,group4
Cell1485,group4
Cell1486,group4
Cell1487,group4
Cell1488,group1
Cell1489,group4
Cell1490,group2
Cell1491,group2
Cell1492,group4
Cell1493,group4
Cell1494,group2
Cell1495,group4
Cell1496,group2
Cell1497,group4
Cell1498,group1
Cell1499,group4
Cell1500,group4
Cell1501,group4
Cell1502,group4
Cell1503,group1
Cell1504,group1
Cell1505,group4
Cell1506,group4
Cell1507,group2
Cell1508,group2
Cell1509,group4
Cell1510,group4
Cell1511,group4
Cell1512,group1
Cell1513,group2
Cell1514,group2
Cell1515,group4
Cell1516,group1
Cell1517,group2
Cell1518,group1
Cell1519,group4
Cell1520,group1
Cell1521,group1
Cell1522,group2
Cell1523,group1
Cell1524,group2
Cell1525,group2
Cell1526,group4
Cell1527,group4
Cell1528,group1
Cell1529,group1
Cell1530,group2
Cell1531,group2
Cell1532,group2
Cell1533,group1
Cell1534,group2
Cell1535,group4
Cell1536,group4
Cell1537,group4
Cell1538,group1
Cell1539,group4
Cell1540,group4
Cell1541,group4
Cell1542,group4
Cell1543,group4
Cell1544,group2
Cell1545,group4
Cell1546,group4
Cell1547,group4
Cell1548,group4
Cell1549,group4
Cell1550,group4
Cell1551,group1
Cell1552,group4
Cell1553,group4
Cell1554,group4
Cell1555,group2
Cell1556,group4
Cell1557,group2
Cell1558,group1
Cell1559,group4
Cell1560,group4
Cell1561,group4
Cell1562,group4
Cell1563,group1
Cell1564,group2
Cell1565,group4
Cell1566,group4
Cell1567,group1
Cell1568,group2
Cell1569,group1
Cell1570,group4
Cell1571,group4
Cell1572,group1
Cell1573,group1
Cell1574,group4
Cell1575,group1
Cell1576,group4
Cell1577,group4
Cell1578,group1
Cell1579,group1
Cell1580,group2
Cell1581,group4
Cell1582,group4
Cell1583,group1
Cell1584,group1
Cell1585,group4
Cell1586,group4
Cell1587,group1
Cell1588,group1
Cell1589,group1
Cell1590,group1
Cell1591,group2
Cell1592,group1
Cell1593,group4
Cell1594,group4
Cell1595,group4
Cell1596,group2
Cell1597,group1
Cell1598,group4
Cell1599,group2
Cell1600,group4
Cell1601,group4
Cell1602,group4
Cell1603,group2
Cell1604,group1
Cell1605,group2
Cell1606,group4
Cell1607,group2
Cell1608,group4
Cell1609,group2
Cell1610,group4
Cell1611,group1
Cell1612,group4
Cell1613,group4
Cell1614,group4
Cell1615,group1
Cell1616,group2
Cell1617,group2
Cell1618,group2
Cell1619,group1
Cell1620,group4
Cell1621,group4
Cell1622,group4
Cell1623,group4
Cell1624,group4
Cell1625,group1
Cell1626,group4
Cell1627,group4
Cell1628,group1
Cell1629,group2
Cell1630,group1
Cell1631,group4
Cell1632,group4
Cell1633,group4
Cell1634,group4
Cell1635,group4
Cell1636,group4
Cell1637,group2
Cell1638,group1
Cell1639,group1
Cell1640,group2
Cell1641,group2
Cell1642,group1
Cell1643,group4
Cell1644,group4
Cell1645,group4
Cell1646,group1
Cell1647,group4
Cell1648,group1
Cell1649,group1
Cell1650,group2
Cell1651,group4
Cell1652,group4
Cell1653,group1
Cell1654,group4
Cell1655,group4
Cell1656,group2
Cell1657,group4
Cell1658,group4
Cell1659,group2
Cell1660,group4
Cell1661,group2
Cell1662,group4
Cell1663,group4
Cell1664,group4
Cell1665,group1
Cell1666,group4
Cell1667,group4
Cell1668,group4
Cell1669,group1
Cell1670,group1
Cell1671,group4
Cell1672,group2
Cell1673,group4
Cell1674,group4
Cell1675,group1
Cell1676,group4
Cell1677,group1
Cell1678,group4
Cell1679,group4
Cell1680,group1
Cell1681,group4
Cell1682,group2
Cell1683,group1
Cell1684,group4
Cell1685,group4
Cell1686,group1
Cell1687,group2
Cell1688,group2
Cell1689,group2
Cell1690,group2
Cell1691,group4
Cell1692,group1
Cell1693,group4
Cell1694,group2
Cell1695,group4
Cell1696,group1
Cell1697,group2
Cell1698,group4
Cell1699,group4
Cell1700,group4
Cell1701,group2
Cell1702,group4
Cell1703,group4
Cell1704,group1
Cell1705,group4
Cell1706,group2
Cell1707,group4
Cell1708,group2
Cell1709,group4
Cell1710,group4
Cell1711,group2
Cell1712,group2
Cell1713,group4
Cell1714,group2
Cell1715,group1
Cell1716,group4
Cell1717,group4
Cell1718,group4
Cell1719,group4
Cell1720,group1
Cell1721,group1
Cell1722,group4
Cell1723,group2
Cell1724,group2
Cell1725,group1
Cell1726,group4
Cell1727,group4
Cell1728,group4
Cell1729,group1
Cell1730,group4
Cell1731,group1
Cell1732,group2
Cell1733,group1
Cell1734,group4
Cell1735,group4
Cell1736,group1
Cell1737,group2
Cell1738,group1
Cell1739,group2
Cell1740,group4
Cell1741,group4
Cell1742,group1
Cell1743,group2
Cell1744,group4
Cell1745,group4
Cell1746,group4
Cell1747,group4
Cell1748,group1
Cell1749,group2
Cell1750,group2
Cell1751,group4
Cell1752,group1
Cell1753,group4
Cell1754,group1
Cell1755,group1
Cell1756,group4
Cell1757,group4
Cell1758,group4
Cell1759,group4
Cell1760,group2
Cell1761,group4
Cell1762,group2
Cell1763,group4
Cell1764,group4
Cell1765,group2
Cell1766,group4
Cell1767,group2
Cell1768,group1
Cell1769,group4
Cell1770,group4
Cell1771,group4
Cell1772,group2
Cell1773,group4
Cell1774,group4
Cell1775,group1
Cell1776,group4
Cell1777,group4
Cell1778,group4
Cell1779,group2
Cell1780,group4
Cell1781,group4
Cell1782,group1
Cell1783,group4
Cell1784,group1
Cell1785,group4
Cell1786,group2
Cell1787,group1
Cell1788,group2
Cell1789,group4
Cell1790,group2
Cell1791,group2
Cell1792,group4
Cell1793,group4
Cell1794,group1
Cell1795,group1
Cell1796,group2
Cell1797,group4
Cell1798,group4
Cell1799,group4
Cell1800,group1
Cell1801,group4
Cell1802,group2
Cell1803,group4
Cell1804,group4
Cell1805,group4
Cell1806,group2
Cell1807,group2
Cell1808,group4
Cell1809,group1
Cell1810,group4
Cell1811,group4
Cell1812,group2
Cell1813,group2
Cell1814,group4
Cell1815,group4
Cell1816,group1
Cell1817,group1
Cell1818,group4
Cell1819,group4
Cell1820,group4
Cell1821,group2
Cell1822,group4
Cell1823,group2
Cell1824,group4
Cell1825,group4
Cell1826,group4
Cell1827,group4
Cell1828,group4
Cell1829,group4
Cell1830,group1
Cell1831,group2
Cell1832,group4
Cell1833,group2
Cell1834,group2
Cell1835,group1
Cell1836,group4
Cell1837,group4
Cell1838,group4
Cell1839,group2
Cell1840,group2
Cell1841,group2
Cell1842,group4
Cell1843,group4
Cell1844,group1
Cell1845,group1
Cell1846,group1
Cell1847,group1
Cell1848,group2
Cell1849,group4
Cell1850,group4
Cell1851,group4
Cell1852,group4
Cell1853,group4
Cell1854,group4
Cell1855,group2
Cell1856,group4
Cell1857,group2
Cell1858,group2
Cell1859,group2
Cell1860,group4
Cell1861,group1
Cell1862,group4
Cell1863,group4
Cell1864,group4
Cell1865,group4
Cell1866,group1
Cell1867,group2
Cell1868,group4
Cell1869,group4
Cell1870,group2
Cell1871,group2
Cell1872,group1
Cell1873,group4
Cell1874,group1
Cell1875,group4
Cell1876,group4
Cell1877,group1
Cell1878,group4
Cell1879,group2
Cell1880,group4
Cell1881,group2
Cell1882,group1
Cell1883,group1
Cell1884,group4
Cell1885,group1
Cell1886,group4
Cell1887,group4
Cell1888,group4
Cell1889,group2
Cell1890,group4
Cell1891,group4
Cell1892,group4
Cell1893,group4
Cell1894,group4
Cell1895,group2
Cell1896,group1
Cell1897,group1
Cell1898,group1
Cell1899,group4
Cell1900,group4
Cell1901,group2
Cell1902,group1
Cell1903,group2
Cell1904,group4
Cell1905,group2
Cell1906,group4
Cell1907,group4
Cell1908,group1
Cell1909,group2
Cell1910,group4
Cell1911,group4
Cell1912,group2
Cell1913,group1
Cell1914,group1
Cell1915,group2
Cell1916,group4
Cell1917,group4
Cell1918,group1
Cell1919,group2
Cell1920,group4
Cell1921,group4
Cell1922,group4
Cell1923,group1
Cell1924,group4
Cell1925,group4
Cell1926,group1
Cell1927,group1
Cell1928,group1
Cell1929,group2
Cell1930,group2
Cell1931,group4
Cell1932,group1
Cell1933,group2
Cell1934,group4
Cell1935,group2
Cell1936,group1
Cell1937,group4
Cell1938,group1
Cell1939,group4
Cell1940,group2
Cell1941,group2
Cell1942,group4
Cell1943,group2
Cell1944,group2
Cell1945,group4
Cell1946,group4
Cell1947,group2
Cell1948,group1
Cell1949,group1
Cell1950,group4
Cell1951,group1
Cell1952,group2
Cell1953,group4
Cell1954,group4
Cell1955,group2
Cell1956,group4
Cell1957,group1
Cell1958,group2
Cell1959,group4
Cell1960,group4
Cell1961,group2
Cell1962,group2
Cell1963,group4
Cell1964,group1
Cell1965,group1
Cell1966,group4
Cell1967,group4
Cell1968,group2
Cell1969,group4
Cell1970,group1
Cell1971,group4
Cell1972,group1
Cell1973,group1
Cell1974,group4
Cell1975,group2
Cell1976,group4
Cell1977,group2
Cell1978,group1
Cell1979,group2
Cell1980,group4
Cell1981,group4
Cell1982,group4
Cell1983,group4
Cell1984,group4
Cell1985,group4
Cell1986,group1
Cell1987,group4
Cell1988,group4
Cell1989,group2
Cell1990,group2
Cell1991,group4
Cell1992,group2
Cell1993,group4
Cell1994,group1
Cell1995,group1
Cell1996,group4
Cell1997,group4
Cell1998,group1
Cell1999,group1
Cell2000,group1
Cell2001,group2
Cell2002,group2
Cell2003,group4
Cell2004,group4
Cell2005,group1
Cell2006,group4
Cell2007,group2
Cell2008,group4
Cell2009,group2
Cell2010,group4
Cell2011,group2
Cell2012,group1
Cell2013,group4
Cell2014,group4
Cell2015,group4
Cell2016,group2
Cell2017,group4
Cell2018,group4
Cell2019,group2
Cell2020,group4
Cell2021,group4
Cell2022,group4
Cell2023,group2
Cell2024,group4
Cell2025,group1
Cell2026,group4
Cell2027,group4
Cell2028,group4
Cell2029,group2
Cell2030,group1
Cell2031,group4
Cell2032,group2
Cell2033,group2
Cell2034,group1
Cell2035,group2
Cell2036,group2
Cell2037,group1
Cell2038,group4
Cell2039,group2
Cell2040,group4
Cell2041,group4
Cell2042,group4
Cell2043,group2
Cell2044,group1
Cell2045,group1
Cell2046,group1
Cell2047,group4
Cell2048,group4
Cell2049,group1
Cell2050,group4
Cell2051,group4
Cell2052,group4
Cell2053,group2
Cell2054,group1
Cell2055,group1
Cell2056,group4
Cell2057,group4
Cell2058,group4
Cell2059,group4
Cell2060,group4
Cell2061,group2
Cell2062,group4
Cell2063,group4
Cell2064,group4
Cell2065,group2
Cell2066,group2
Cell2067,group2
Cell2068,group4
Cell2069,group4
Cell2070,group1
Cell2071,group4
Cell2072,group4
Cell2073,group2
Cell2074,group4
Cell2075,group4
Cell2076,group2
Cell2077,group1
Cell2078,group4
Cell2079,group2
Cell2080,group4
Cell2081,group4
Cell2082,group4
Cell2083,group2
Cell2084,group4
Cell2085,group1
Cell2086,group2
Cell2087,group1
Cell2088,group1
Cell2089,group4
Cell2090,group1
Cell2091,group1
Cell2092,group4
Cell2093,group1
Cell2094,group4
Cell2095,group1
Cell2096,group1
Cell2097,group1
Cell2098,group4
Cell2099,group4
Cell2100,group2
Cell2101,group1
Cell2102,group4
Cell2103,group4
Cell2104,group4
Cell2105,group2
Cell2106,group4
Cell2107,group4
Cell2108,group1
Cell2109,group4
Cell2110,group2
Cell2111,group4
Cell2112,group4
Cell2113,group4
Cell2114,group2
Cell2115,group4
Cell2116,group2
Cell2117,group4
Cell2118,group4
Cell2119,group2
Cell2120,group2
Cell2121,group4
Cell2122,group4
Cell2123,group4
Cell2124,group1
Cell2125,group4
Cell2126,group1
Cell2127,group4
Cell2128,group4
Cell2129,group1
Cell2130,group1
Cell2131,group4
Cell2132,group1
Cell2133,group1
Cell2134,group2
Cell2135,group2
Cell2136,group1
Cell2137,group1
Cell2138,group1
Cell2139,group4
Cell2140,group1
Cell2141,group4
Cell2142,group2
Cell2143,group4
Cell2144,group4
Cell2145,group4
Cell2146,group1
Cell2147,group4
Cell2148,group4
Cell2149,group2
Cell2150,group4
Cell2151,group4
Cell2152,group4
Cell2153,group4
Cell2154,group4
Cell2155,group1
Cell2156,group4
Cell2157,group2
Cell2158,group1
Cell2159,group2
Cell2160,group4
Cell2161,group4
Cell2162,group4
Cell2163,group4
Cell2164,group2
Cell2165,group2
Cell2166,group1
Cell2167,group1
Cell2168,group4
Cell2169,group4
Cell2170,group2
Cell2171,group1
Cell2172,group2
Cell2173,group4
Cell2174,group4
Cell2175,group4
Cell2176,group4
Cell2177,group2
Cell2178,group4
Cell2179,group4
Cell2180,group2
Cell2181,group4
Cell2182,group4
Cell2183,group4
Cell2184,group4
Cell2185,group4
Cell2186,group4
Cell2187,group4
Cell2188,group2
Cell2189,group4
Cell2190,group2
Cell2191,group1
Cell2192,group2
Cell2193,group1
Cell2194,group4
Cell2195,group4
Cell2196,group4
Cell2197,group4
Cell2198,group1
Cell2199,group4
Cell2200,group1
Cell2201,group4
Cell2202,group2
Cell2203,group4
Cell2204,group1
Cell2205,group2
Cell2206,group1
Cell2207,group4
Cell2208,group1
Cell2209,group1
Cell2210,group4
Cell2211,group2
Cell2212,group4
Cell2213,group4
Cell2214,group2
Cell2215,group2
Cell2216,group1
Cell2217,group2
Cell2218,group4
Cell2219,group1
Cell2220,group4
Cell2221,group4
Cell2222,group4
Cell2223,group4
Cell2224,group2
Cell2225,group2
Cell2226,group4
Cell2227,group2
Cell2228,group1
Cell2229,group2
Cell2230,group4
Cell2231,group4
Cell2232,group1
Cell2233,group1
Cell2234,group4
Cell2235,group4
Cell2236,group4
Cell2237,group1
Cell2238,group4
Cell2239,group2
Cell2240,group2
Cell2241,group4
Cell2242,group1
Cell2243,group4
Cell2244,group2
Cell2245,group4
Cell2246,group4
Cell2247,group4
Cell2248,group1
Cell2249,group4
Cell2250,group4
Cell2251,group2
Cell2252,group1
Cell2253,group1
Cell2254,group2
Cell2255,group4
Cell2256,group4
Cell2257,group1
Cell2258,group1
Cell2259,group4
Cell2260,group4
Cell2261,group4
Cell2262,group4
Cell2263,group4
Cell2264,group4
Cell2265,group2
Cell2266,group4
Cell2267,group1
Cell2268,group4
Cell2269,group4
Cell2270,group4
Cell2271,group4
Cell2272,group4
Cell2273,group4
Cell2274,group2
Cell2275,group4
Cell2276,group4
Cell2277,group1
Cell2278,group1
Cell2279,group4
Cell2280,group4
Cell2281,group2
Cell2282,group4
Cell2283,group4
Cell2284,group2
Cell2285,group4
Cell2286,group2
Cell2287,group1
Cell2288,group2
Cell2289,group4
Cell2290,group2
Cell2291,group4
Cell2292,group2
Cell2293,group1
Cell2294,group4
Cell2295,group4
Cell2296,group2
Cell2297,group4
Cell2298,group4
Cell2299,group1
Cell2300,group1
Cell2301,group4
Cell2302,group2
Cell2303,group4
Cell2304,group4
Cell2305,group4
Cell2306,group1
Cell2307,group4
Cell2308,group4
Cell2309,group1
Cell2310,group1
Cell2311,group2
Cell2312,group2
Cell2313,group4
Cell2314,group4
Cell2315,group4
Cell2316,group4
Cell2317,group2
Cell2318,group1
Cell2319,group4
Cell2320,group2
Cell2321,group2
Cell2322,group4
Cell2323,group4
Cell2324,group4
Cell2325,group4
Cell2326,group1
Cell2327,group1
Cell2328,group1
Cell2329,group4
Cell2330,group4
Cell2331,group4
Cell2332,group1
Cell2333,group4
Cell2334,group4
Cell2335,group4
Cell2336,group4
Cell2337,group4
Cell2338,group1
Cell2339,group4
Cell2340,group4
Cell2341,group4
Cell2342,group2
Cell2343,group2
Cell2344,group2
Cell2345,group4
Cell2346,group4
Cell2347,group2
Cell2348,group4
Cell2349,group4
Cell2350,group4
Cell2351,group2
Cell2352,group4
Cell2353,group1
Cell2354,group4
Cell2355,group4
Cell2356,group4
Cell2357,group1
Cell2358,group4
Cell2359,group4
Cell2360,group2
Cell2361,group2
Cell2362,group4
Cell2363,group4
Cell2364,group1
Cell2365,group2
Cell2366,group2
Cell2367,group2
Cell2368,group1
Cell2369,group1
Cell2370,group4
Cell2371,group2
Cell2372,group1
Cell2373,group2
Cell2374,group2
Cell2375,group1
Cell2376,group1
Cell2377,group4
Cell2378,group2
Cell2379,group1
Cell2380,group4
Cell2381,group2
Cell2382,group4
Cell2383,group1
Cell2384,group1
Cell2385,group4
Cell2386,group2
Cell2387,group2
Cell2388,group4
Cell2389,group4
Cell2390,group4
Cell2391,group4
Cell2392,group2
Cell2393,group4
Cell2394,group2
Cell2395,group4
Cell2396,group2
Cell2397,group1
Cell2398,group1
Cell2399,group4
Cell2400,group1
Cell2401,group2
Cell2402,group4
Cell2403,group1
Cell2404,group4
Cell2405,group1
Cell2406,group4
Cell2407,group4
Cell2408,group2
Cell2409,group1
Cell2410,group4
Cell2411,group2
Cell2412,group4
Cell2413,group2
Cell2414,group2
Cell2415,group1
Cell2416,group4
Cell2417,group4
Cell2418,group4
Cell2419,group4
Cell2420,group4
Cell2421,group4
Cell2422,group1
Cell2423,group2
Cell2424,group4
Cell2425,group4
Cell2426,group4
Cell2427,group1
Cell2428,group2
Cell2429,group1
Cell2430,group4
Cell2431,group1
Cell2432,group4
Cell2433,group4
Cell2434,group4
Cell2435,group2
Cell2436,group4
Cell2437,group4
Cell2438,group4
Cell2439,group2
Cell2440,group2
Cell2441,group1
Cell2442,group4
Cell2443,group2
Cell2444,group2
Cell2445,group4
Cell2446,group4
Cell2447,group4
Cell2448,group2
Cell2449,group4
Cell2450,group2
Cell2451,group2
Cell2452,group2
Cell2453,group4
Cell2454,group1
Cell2455,group2
Cell2456,group4
Cell2457,group4
Cell2458,group4
Cell2459,group4
Cell2460,group4
Cell2461,group4
Cell2462,group1
Cell2463,group2
Cell2464,group4
Cell2465,group1
Cell2466,group1
Cell2467,group4
Cell2468,group4
Cell2469,group4
Cell2470,group4
Cell2471,group4
Cell2472,group4
Cell2473,group4
Cell2474,group4
Cell2475,group4
Cell2476,group4
Cell2477,group4
Cell2478,group4
Cell2479,group4
Cell2480,group4
Cell2481,group2
Cell2482,group4
Cell2483,group1
Cell2484,group1
Cell2485,group4
Cell2486,group2
Cell2487,group4
Cell2488,group4
Cell2489,group4
Cell2490,group4
Cell2491,group2
Cell2492,group1
Cell2493,group4
Cell2494,group1
Cell2495,group4
Cell2496,group2
Cell2497,group4
Cell2498,group1
Cell2499,group4
Cell2500,group1
Cell2501,group1
Cell2502,group4
Cell2503,group2
Cell2504,group4
Cell2505,group2
Cell2506,group4
Cell2507,group4
Cell2508,group4
Cell2509,group4
Cell2510,group4
Cell2511,group2
Cell2512,group2
Cell2513,group4
Cell2514,group4
Cell2515,group4
Cell2516,group4
Cell2517,group1
Cell2518,group1
Cell2519,group1
Cell2520,group4
Cell2521,group2
Cell2522,group4
Cell2523,group4
Cell2524,group2
Cell2525,group4
Cell2526,group4
Cell2527,group4
Cell2528,group4
Cell2529,group2
Cell2530,group2
Cell2531,group2
Cell2532,group2
Cell2533,group1
Cell2534,group4
Cell2535,group2
Cell2536,group4
Cell2537,group2
Cell2538,group4
Cell2539,group2
Cell2540,group4
Cell2541,group4
Cell2542,group4
Cell2543,group1
Cell2544,group4
Cell2545,group1
Cell2546,group2
Cell2547,group4
Cell2548,group4
Cell2549,group4
Cell2550,group2
Cell2551,group2
Cell2552,group1
Cell2553,group4
Cell2554,group4
Cell2555,group2
Cell2556,group4
Cell2557,group4
Cell2558,group2
Cell2559,group4
Cell2560,group1
Cell2561,group2
Cell2562,group4
Cell2563,group1
Cell2564,group4
Cell2565,group2
Cell2566,group4
Cell2567,group2
Cell2568,group4
Cell2569,group1
Cell2570,group1
Cell2571,group4
Cell2572,group4
Cell2573,group1
Cell2574,group2
Cell2575,group2
Cell2576,group1
Cell2577,group2
Cell2578,group4
Cell2579,group2
Cell2580,group2
Cell2581,group4
Cell2582,group4
Cell2583,group4
Cell2584,group4
Cell2585,group1
Cell2586,group4
Cell2587,group2
Cell2588,group1
Cell2589,group1
Cell2590,group2
Cell2591,group4
Cell2592,group1
Cell2593,group2
Cell2594,group2
Cell2595,group2
Cell2596,group2
Cell2597,group2
Cell2598,group1
Cell2599,group2
Cell2600,group4
Cell2601,group4
Cell2602,group1
Cell2603,group1
Cell2604,group1
Cell2605,group4
Cell2606,group2
Cell2607,group4
Cell2608,group2
Cell2609,group4
Cell2610,group4
Cell2611,group2
Cell2612,group1
Cell2613,group1
Cell2614,group2
Cell2615,group1
Cell2616,group2
Cell2617,group4
Cell2618,group2
Cell2619,group1
Cell2620,group1
Cell2621,group1
Cell2622,group2
Cell2623,group2
Cell2624,group1
Cell2625,group2
Cell2626,group4
Cell2627,group4
Cell2628,group4
Cell2629,group4
Cell2630,group2
Cell2631,group2
Cell2632,group1
Cell2633,group4
Cell2634,group4
Cell2635,group1
Cell2636,group4
Cell2637,group1
Cell2638,group4
Cell2639,group4
Cell2640,group4
Cell2641,group1
Cell2642,group1
Cell2643,group1
Cell2644,group1
Cell2645,group4
Cell2646,group4
Cell2647,group4
Cell2648,group2
Cell2649,group4
Cell2650,group4
Cell2651,group2
Cell2652,group4
Cell2653,group4
Cell2654,group1
Cell2655,group2
Cell2656,group4
Cell2657,group4
Cell2658,group4
Cell2659,group1
Cell2660,group2
Cell2661,group1
Cell2662,group2
Cell2663,group4
Cell2664,group1
Cell2665,group4
Cell2666,group4
Cell2667,group1
Cell2668,group4
Cell2669,group4
Cell2670,group4
Cell2671,group4
Cell2672,group4
Cell2673,group1
Cell2674,group2
Cell2675,group4
Cell2676,group4
Cell2677,group4
Cell2678,group4
Cell2679,group4
Cell2680,group1
Cell2681,group4
Cell2682,group4
Cell2683,group4
Cell2684,group4
Cell2685,group1
Cell2686,group4
Cell2687,group4
Cell2688,group4
Cell2689,group4
Cell2690,group4
Cell2691,group4
Cell2692,group1
Cell2693,group1
Cell2694,group2
Cell2695,group1
Cell2696,group4
Cell2697,group4
Cell2698,group2
Cell2699,group1
Cell2700,group2
Cell2701,group2
Cell2702,group4
Cell2703,group4
Cell2704,group4
Cell2705,group4
Cell2706,group2
Cell2707,group4
Cell2708,group4
Cell2709,group4
Cell2710,group2
Cell2711,group4
Cell2712,group4
Cell2713,group4
Cell2714,group4
Cell2715,group2
Cell2716,group4
Cell2717,group2
Cell2718,group1
Cell2719,group1
Cell2720,group2
Cell2721,group1
Cell2722,group4
Cell2723,group2
Cell2724,group4
Cell2725,group4
Cell2726,group2
Cell2727,group4
Cell2728,group2
Cell2729,group4
Cell2730,group2
Cell2731,group4
Cell2732,group2
Cell2733,group4
Cell2734,group2
Cell2735,group4
Cell2736,group4
Cell2737,group4
Cell2738,group4
Cell2739,group2
Cell2740,group4
Cell2741,group4
Cell2742,group2
Cell2743,group1
Cell2744,group1
Cell2745,group4
Cell2746,group4
Cell2747,group2
Cell2748,group4
Cell2749,group4
Cell2750,group4
Cell2751,group4
Cell2752,group4
Cell2753,group4
Cell2754,group4
Cell2755,group4
Cell2756,group4
Cell2757,group4
Cell2758,group2
Cell2759,group4
Cell2760,group4
Cell2761,group1
Cell2762,group4
Cell2763,group1
Cell2764,group1
Cell2765,group4
Cell2766,group1
Cell2767,group2
Cell2768,group4
Cell2769,group4
Cell2770,group1
Cell2771,group2
Cell2772,group1
Cell2773,group1
Cell2774,group2
Cell2775,group4
Cell2776,group4
Cell2777,group2
Cell2778,group4
Cell2779,group2
Cell2780,group2
Cell2781,group1
Cell2782,group2
Cell2783,group4
Cell2784,group4
Cell2785,group1
Cell2786,group4
Cell2787,group2
Cell2788,group1
Cell2789,group4
Cell2790,group4
Cell2791,group4
Cell2792,group1
Cell2793,group1
Cell2794,group4
Cell2795,group1
Cell2796,group2
Cell2797,group4
Cell2798,group2
Cell2799,group1
Cell2800,group4
Cell2801,group2
Cell2802,group4
Cell2803,group2
Cell2804,group4
Cell2805,group4
Cell2806,group4
Cell2807,group1
Cell2808,group4
Cell2809,group2
Cell2810,group4
Cell2811,group2
Cell2812,group4
Cell2813,group4
Cell2814,group4
Cell2815,group4
Cell2816,group2
Cell2817,group2
Cell2818,group4
Cell2819,group4
Cell2820,group4
Cell2821,group4
Cell2822,group1
Cell2823,group1
Cell2824,group2
Cell2825,group4
Cell2826,group1
Cell2827,group1
Cell2828,group4
Cell2829,group1
Cell2830,group1
Cell2831,group1
Cell2832,group1
Cell2833,group1
Cell2834,group4
Cell2835,group4
Cell2836,group4
Cell2837,group1
Cell2838,group2
Cell2839,group4
Cell2840,group4
Cell2841,group1
Cell2842,group4
Cell2843,group1
Cell2844,group4
Cell2845,group4
Cell2846,group4
Cell2847,group1
Cell2848,group4
Cell2849,group4
Cell2850,group4
Cell2851,group4
Cell2852,group4
Cell2853,group2
Cell2854,group2
Cell2855,group4
Cell2856,group4
Cell2857,group2
Cell2858,group4
Cell2859,group2
Cell2860,group4
Cell2861,group4
Cell2862,group4
Cell2863,group4
Cell2864,group4
Cell2865,group4
Cell2866,group4
Cell2867,group4
Cell2868,group2
Cell2869,group4
Cell2870,group2
Cell2871,group4
Cell2872,group4
Cell2873,group1
Cell2874,group4
Cell2875,group4
Cell2876,group2
Cell2877,group4
Cell2878,group2
Cell2879,group1
Cell2880,group4
Cell2881,group4
Cell2882,group4
Cell2883,group2
Cell2884,group1
Cell2885,group4
Cell2886,group4
Cell2887,group4
Cell2888,group2
Cell2889,group2
Cell2890,group4
Cell2891,group4
Cell2892,group1
Cell2893,group1
Cell2894,group4
Cell2895,group4
Cell2896,group4
Cell2897,group2
Cell2898,group4
Cell2899,group1
Cell2900,group4
Cell2901,group4
Cell2902,group2
Cell2903,group2
Cell2904,group4
Cell2905,group1
Cell2906,group4
Cell2907,group4
Cell2908,group4
Cell2909,group2
Cell2910,group4
Cell2911,group4
Cell2912,group4
Cell2913,group2
Cell2914,group4
Cell2915,group2
Cell2916,group4
Cell2917,group2
Cell2918,group2
Cell2919,group4
Cell2920,group4
Cell2921,group1
Cell2922,group4
Cell2923,group4
Cell2924,group2
Cell2925,group4
Cell2926,group4
Cell2927,group2
Cell2928,group4
Cell2929,group4
Cell2930,group1
Cell2931,group4
Cell2932,group2
Cell2933,group1
Cell2934,group1
Cell2935,group4
Cell2936,group1
Cell2937,group1
Cell2938,group2
Cell2939,group1
Cell2940,group4
Cell2941,group4
Cell2942,group4
Cell2943,group1
Cell2944,group1
Cell2945,group2
Cell2946,group4
Cell2947,group4
Cell2948,group1
Cell2949,group4
Cell2950,group4
Cell2951,group1
Cell2952,group4
Cell2953,group2
Cell2954,group4
Cell2955,group2
Cell2956,group1
Cell2957,group4
Cell2958,group4
Cell2959,group2
Cell2960,group1
Cell2961,group4
Cell2962,group1
Cell2963,group2
Cell2964,group2
Cell2965,group1
Cell2966,group4
Cell2967,group4
Cell2968,group4
Cell2969,group4
Cell2970,group4
Cell2971,group1
Cell2972,group4
Cell2973,group2
Cell2974,group4
Cell2975,group2
Cell2976,group2
Cell2977,group4
Cell2978,group4
Cell2979,group2
Cell2980,group4
Cell2981,group2
Cell2982,group2
Cell2983,group4
Cell2984,group1
Cell2985,group4
Cell2986,group4
Cell2987,group1
Cell2988,group1
Cell2989,group4
Cell2990,group4
Cell2991,group1
Cell2992,group4
Cell2993,group2
Cell2994,group2
Cell2995,group2
Cell2996,group4
Cell2997,group1
Cell2998,group4
Cell2999,group4
Cell3000,group4
Cell3001,group4
Cell3002,group2
Cell3003,group4
Cell3004,group1
Cell3005,group4
Cell3006,group4
Cell3007,group4
Cell3008,group1
Cell3009,group2
Cell3010,group4
Cell3011,group4
Cell3012,group2
Cell3013,group4
Cell3014,group4
Cell3015,group4
Cell3016,group4
Cell3017,group4
Cell3018,group4
Cell3019,group4
Cell3020,group4
Cell3021,group4
Cell3022,group4
Cell3023,group4
Cell3024,group4
Cell3025,group4
Cell3026,group4
Cell3027,group2
Cell3028,group4
Cell3029,group4
Cell3030,group4
Cell3031,group1
Cell3032,group4
Cell3033,group2
Cell3034,group2
Cell3035,group4
Cell3036,group4
Cell3037,group4
Cell3038,group2
Cell3039,group4
Cell3040,group4
Cell3041,group1
Cell3042,group4
Cell3043,group1
Cell3044,group2
Cell3045,group4
Cell3046,group1
Cell3047,group1
Cell3048,group4
Cell3049,group4
Cell3050,group1
Cell3051,group2
Cell3052,group2
Cell3053,group1
Cell3054,group4
Cell3055,group1
Cell3056,group4
Cell3057,group4
Cell3058,group4
Cell3059,group4
Cell3060,group1
Cell3061,group1
Cell3062,group1
Cell3063,group4
Cell3064,group1
Cell3065,group2
Cell3066,group4
Cell3067,group4
Cell3068,group4
Cell3069,group4
Cell3070,group4
Cell3071,group4
Cell3072,group1
Cell3073,group2
Cell3074,group4
Cell3075,group2
Cell3076,group1
Cell3077,group4
Cell3078,group1
Cell3079,group4
Cell3080,group2
Cell3081,group1
Cell3082,group2
Cell3083,group4
Cell3084,group4
Cell3085,group4
Cell3086,group4
Cell3087,group4
Cell3088,group4
Cell3089,group4
Cell3090,group2
Cell3091,group4
Cell3092,group2
Cell3093,group1
Cell3094,group4
Cell3095,group4
Cell3096,group2
Cell3097,group4
Cell3098,group4
Cell3099,group2
Cell3100,group2
Cell3101,group2
Cell3102,group4
Cell3103,group4
Cell3104,group4
Cell3105,group1
Cell3106,group2
Cell3107,group4
Cell3108,group4
Cell3109,group1
Cell3110,group4
Cell3111,group2
Cell3112,group4
Cell3113,group2
Cell3114,group4
Cell3115,group4
Cell3116,group1
Cell3117,group2
Cell3118,group2
Cell3119,group4
Cell3120,group4
Cell3121,group4
Cell3122,group4
Cell3123,group1
Cell3124,group4
Cell3125,group1
Cell3126,group4
Cell3127,group4
Cell3128,group2
Cell3129,group4
Cell3130,group2
Cell3131,group4
Cell3132,group1
Cell3133,group4
Cell3134,group4
Cell3135,group1
Cell3136,group2
Cell3137,group2
Cell3138,group1
Cell3139,group4
Cell3140,group4
Cell3141,group2
Cell3142,group2
Cell3143,group4
Cell3144,group2
Cell3145,group1
Cell3146,group2
Cell3147,group1
Cell3148,group4
Cell3149,group4
Cell3150,group2
Cell3151,group4
Cell3152,group2
Cell3153,group1
Cell3154,group4
Cell3155,group1
Cell3156,group1
Cell3157,group4
Cell3158,group4
Cell3159,group2
Cell3160,group1
Cell3161,group4
Cell3162,group4
Cell3163,group2
Cell3164,group2
Cell3165,group4
Cell3166,group2
Cell3167,group4
Cell3168,group4
Cell3169,group2
Cell3170,group4
Cell3171,group4
Cell3172,group4
Cell3173,group4
Cell3174,group4
Cell3175,group4
Cell3176,group2
Cell3177,group1
Cell3178,group2
Cell3179,group4
Cell3180,group4
Cell3181,group2
Cell3182,group2
Cell3183,group1
Cell3184,group4
Cell3185,group4
Cell3186,group4
Cell3187,group4
Cell3188,group1
Cell3189,group2
Cell3190,group4
Cell3191,group1
Cell3192,group1
Cell3193,group4
Cell3194,group1
Cell3195,group4
Cell3196,group1
Cell3197,group1
Cell3198,group1
Cell3199,group1
Cell3200,group4
Cell3201,group1
Cell3202,group2
Cell3203,group4
Cell3204,group1
Cell3205,group4
Cell3206,group4
Cell3207,group2
Cell3208,group2
Cell3209,group4
Cell3210,group4
Cell3211,group1
Cell3212,group4
Cell3213,group1
Cell3214,group4
Cell3215,group4
Cell3216,group1
Cell3217,group1
Cell3218,group4
Cell3219,group4
Cell3220,group1
Cell3221,group1
Cell3222,group4
Cell3223,group4
Cell3224,group4
Cell3225,group2
Cell3226,group4
Cell3227,group2
Cell3228,group2
Cell3229,group4
Cell3230,group4
Cell3231,group2
Cell3232,group2
Cell3233,group4
Cell3234,group4
Cell3235,group4
Cell3236,group2
Cell3237,group2
Cell3238,group4
Cell3239,group4
Cell3240,group1
Cell3241,group4
Cell3242,group2
Cell3243,group2
Cell3244,group2
Cell3245,group4
Cell3246,group2
Cell3247,group4
Cell3248,group2
Cell3249,group2
Cell3250,group4
Cell3251,group1
Cell3252,group4
Cell3253,group1
Cell3254,group4
Cell3255,group2
Cell3256,group4
Cell3257,group4
Cell3258,group4
Cell3259,group4
Cell3260,group2
Cell3261,group4
Cell3262,group4
Cell3263,group4
Cell3264,group4
Cell3265,group4
Cell3266,group1
Cell3267,group4
Cell3268,group2
Cell3269,group4
Cell3270,group1
Cell3271,group4
Cell3272,group2
Cell3273,group4
Cell3274,group1
Cell3275,group4
Cell3276,group2
Cell3277,group4
Cell3278,group1
Cell3279,group4
Cell3280,group4
Cell3281,group4
Cell3282,group1
Cell3283,group4
Cell3284,group1
Cell3285,group4
Cell3286,group1
Cell3287,group1
Cell3288,group2
Cell3289,group1
Cell3290,group4
Cell3291,group1
Cell3292,group4
Cell3293,group2
Cell3294,group2
Cell3295,group2
Cell3296,group1
Cell3297,group1
Cell3298,group4
Cell3299,group2
Cell3300,group1
Cell3301,group2
Cell3302,group1
Cell3303,group4
Cell3304,group4
Cell3305,group2
Cell3306,group1
Cell3307,group4
Cell3308,group2
Cell3309,group4
Cell3310,group4
Cell3311,group4
Cell3312,group1
Cell3313,group4
Cell3314,group4
Cell3315,group2
Cell3316,group2
Cell3317,group4
Cell3318,group1
Cell3319,group1
Cell3320,group2
Cell3321,group4
Cell3322,group1
Cell3323,group1
Cell3324,group1
Cell3325,group2
Cell3326,group4
Cell3327,group4
Cell3328,group4
Cell3329,group4
Cell3330,group2
Cell3331,group4
Cell3332,group1
Cell3333,group2
Cell3334,group1
Cell3335,group4
Cell3336,group2
Cell3337,group4
Cell3338,group4
Cell3339,group1
Cell3340,group1
Cell3341,group2
Cell3342,group2
Cell3343,group4
Cell3344,group4
Cell3345,group1
Cell3346,group1
Cell3347,group4
Cell3348,group2
Cell3349,group4
Cell3350,group4
Cell3351,group4
Cell3352,group2
Cell3353,group1
Cell3354,group4
Cell3355,group1
Cell3356,group1
Cell3357,group2
Cell3358,group2
Cell3359,group4
Cell3360,group2
Cell3361,group1
Cell3362,group2
Cell3363,group4
Cell3364,group4
Cell3365,group1
Cell3366,group2
Cell3367,group4
Cell3368,group4
Cell3369,group4
Cell3370,group2
Cell3371,group4
Cell3372,group4
Cell3373,group1
Cell3374,group4
Cell3375,group4
Cell3376,group1
Cell3377,group1
Cell3378,group4
Cell3379,group2
Cell3380,group4
Cell3381,group1
Cell3382,group4
Cell3383,group1
Cell3384,group4
Cell3385,group4
Cell3386,group4
Cell3387,group1
Cell3388,group4
Cell3389,group4
Cell3390,group4
Cell3391,group4
Cell3392,group4
Cell3393,group2
Cell3394,group1
Cell3395,group4
Cell3396,group1
Cell3397,group2
Cell3398,group4
Cell3399,group2
Cell3400,group1
Cell3401,group4
Cell3402,group2
Cell3403,group4
Cell3404,group2
Cell3405,group4
Cell3406,group4
Cell3407,group4
Cell3408,group4
Cell3409,group4
Cell3410,group2
Cell3411,group2
Cell3412,group2
Cell3413,group4
Cell3414,group2
Cell3415,group4
Cell3416,group4
Cell3417,group4
Cell3418,group1
Cell3419,group4
Cell3420,group1
Cell3421,group4
Cell3422,group4
Cell3423,group1
Cell3424,group4
Cell3425,group4
Cell3426,group4
Cell3427,group1
Cell3428,group1
Cell3429,group1
Cell3430,group1
Cell3431,group2
Cell3432,group2
Cell3433,group1
Cell3434,group4
Cell3435,group4
Cell3436,group4
Cell3437,group4
Cell3438,group4
Cell3439,group4
Cell3440,group1
Cell3441,group2
Cell3442,group4
Cell3443,group4
Cell3444,group2
Cell3445,group1
Cell3446,group1
Cell3447,group2
Cell3448,group4
Cell3449,group1
Cell3450,group1
Cell3451,group1
Cell3452,group2
Cell3453,group4
Cell3454,group4
Cell3455,group2
Cell3456,group1
Cell3457,group4
Cell3458,group4
Cell3459,group2
Cell3460,group4
Cell3461,group4
Cell3462,group2
Cell3463,group4
Cell3464,group4
Cell3465,group4
Cell3466,group4
Cell3467,group1
Cell3468,group4
Cell3469,group4
Cell3470,group2
Cell3471,group4
Cell3472,group2
Cell3473,group4
Cell3474,group4
Cell3475,group2
Cell3476,group4
Cell3477,group2
Cell3478,group2
Cell3479,group4
Cell3480,group2
Cell3481,group4
Cell3482,group4
Cell3483,group4
Cell3484,group4
Cell3485,group2
Cell3486,group4
Cell3487,group4
Cell3488,group4
Cell3489,group4
Cell3490,group4
Cell3491,group2
Cell3492,group4
Cell3493,group4
Cell3494,group1
Cell3495,group2
Cell3496,group4
Cell3497,group2
Cell3498,group1
Cell3499,group4
Cell3500,group1
Cell3501,group4
Cell3502,group2
Cell3503,group1
Cell3504,group4
Cell3505,group1
Cell3506,group4
Cell3507,group2
Cell3508,group4
Cell3509,group1
Cell3510,group4
Cell3511,group4
Cell3512,group1
Cell3513,group2
Cell3514,group4
Cell3515,group4
Cell3516,group2
Cell3517,group4
Cell3518,group2
Cell3519,group2
Cell3520,group4
Cell3521,group1
Cell3522,group2
Cell3523,group4
Cell3524,group4
Cell3525,group4
Cell3526,group1
Cell3527,group4
Cell3528,group4
Cell3529,group1
Cell3530,group4
Cell3531,group4
Cell3532,group4
Cell3533,group4
Cell3534,group1
Cell3535,group4
Cell3536,group4
Cell3537,group1
Cell3538,group2
Cell3539,group4
Cell3540,group2
Cell3541,group1
Cell3542,group4
Cell3543,group2
Cell3544,group2
Cell3545,group1
Cell3546,group1
Cell3547,group4
Cell3548,group1
Cell3549,group1
Cell3550,group4
Cell3551,group4
Cell3552,group2
Cell3553,group2
Cell3554,group2
Cell3555,group4
Cell3556,group4
Cell3557,group4
Cell3558,group2
Cell3559,group2
Cell3560,group4
Cell3561,group4
Cell3562,group4
Cell3563,group4
Cell3564,group1
Cell3565,group1
Cell3566,group4
Cell3567,group4
Cell3568,group4
Cell3569,group2
Cell3570,group4
Cell3571,group2
Cell3572,group4
Cell3573,group4
Cell3574,group1
Cell3575,group1
Cell3576,group2
Cell3577,group4
Cell3578,group4
Cell3579,group4
Cell3580,group4
Cell3581,group2
Cell3582,group2
Cell3583,group4
Cell3584,group4
Cell3585,group4
Cell3586,group2
Cell3587,group1
Cell3588,group1
Cell3589,group1
Cell3590,group1
Cell3591,group4
Cell3592,group2
Cell3593,group2
Cell3594,group4
Cell3595,group1
Cell3596,group1
Cell3597,group1
Cell3598,group4
Cell3599,group1
Cell3600,group1
Cell3601,group2
Cell3602,group4
Cell3603,group2
Cell3604,group2
Cell3605,group4
Cell3606,group1
Cell3607,group4
Cell3608,group4
Cell3609,group4
Cell3610,group4
Cell3611,group1
Cell3612,group2
Cell3613,group4
Cell3614,group1
Cell3615,group4
Cell3616,group1
Cell3617,group4
Cell3618,group1
Cell3619,group4
Cell3620,group2
Cell3621,group1
Cell3622,group4
Cell3623,group2
Cell3624,group1
Cell3625,group1
Cell3626,group4
Cell3627,group4
Cell3628,group4
Cell3629,group2
Cell3630,group4
Cell3631,group1
Cell3632,group2
Cell3633,group4
Cell3634,group4
Cell3635,group4
Cell3636,group4
Cell3637,group4
Cell3638,group2
Cell3639,group4
Cell3640,group4
Cell3641,group4
Cell3642,group4
Cell3643,group4
Cell3644,group4
Cell3645,group2
Cell3646,group1
Cell3647,group4
Cell3648,group4
Cell3649,group1
Cell3650,group4
Cell3651,group2
Cell3652,group1
Cell3653,group2
Cell3654,group1
Cell3655,group2
Cell3656,group4
Cell3657,group1
Cell3658,group4
Cell3659,group4
Cell3660,group4
Cell3661,group4
Cell3662,group1
Cell3663,group4
Cell3664,group4
Cell3665,group4
Cell3666,group2
Cell3667,group2
Cell3668,group1
Cell3669,group4
Cell3670,group2
Cell3671,group4
Cell3672,group4
Cell3673,group1
Cell3674,group2
Cell3675,group4
Cell3676,group2
Cell3677,group1
Cell3678,group4
Cell3679,group4
Cell3680,group4
Cell3681,group4
Cell3682,group4
Cell3683,group1
Cell3684,group4
Cell3685,group1
Cell3686,group1
Cell3687,group1
Cell3688,group4
Cell3689,group2
Cell3690,group2
Cell3691,group4
Cell3692,group4
Cell3693,group2
Cell3694,group4
Cell3695,group4
Cell3696,group2
Cell3697,group2
Cell3698,group1
Cell3699,group4
Cell3700,group2
Cell3701,group2
Cell3702,group1
Cell3703,group4
Cell3704,group4
Cell3705,group4
Cell3706,group2
Cell3707,group1
Cell3708,group4
Cell3709,group4
Cell3710,group4
Cell3711,group4
Cell3712,group2
Cell3713,group1
Cell3714,group2
Cell3715,group4
Cell3716,group4
Cell3717,group1
Cell3718,group4
Cell3719,group2
Cell3720,group4
Cell3721,group4
Cell3722,group1
Cell3723,group1
Cell3724,group2
Cell3725,group4
Cell3726,group2
Cell3727,group2
Cell3728,group2
Cell3729,group4
Cell3730,group4
Cell3731,group4
Cell3732,group4
Cell3733,group4
Cell3734,group4
Cell3735,group2
Cell3736,group4
Cell3737,group2
Cell3738,group1
Cell3739,group2
Cell3740,group4
Cell3741,group4
Cell3742,group1
Cell3743,group4
Cell3744,group4
Cell3745,group2
Cell3746,group4
Cell3747,group1
Cell3748,group4
Cell3749,group2
Cell3750,group4
Cell3751,group4
Cell3752,group2
Cell3753,group4
Cell3754,group4
Cell3755,group4
Cell3756,group4
Cell3757,group2
Cell3758,group2
Cell3759,group2
Cell3760,group2
Cell3761,group4
Cell3762,group1
Cell3763,group4
Cell3764,group2
Cell3765,group4
Cell3766,group4
Cell3767,group2
Cell3768,group1
Cell3769,group1
Cell3770,group4
Cell3771,group1
Cell3772,group4
Cell3773,group4
Cell3774,group2
Cell3775,group4
Cell3776,group2
Cell3777,group2
Cell3778,group4
Cell3779,group2
Cell3780,group4
Cell3781,group2
Cell3782,group2
Cell3783,group1
Cell3784,group1
Cell3785,group1
Cell3786,group4
Cell3787,group2
Cell3788,group1
Cell3789,group4
Cell3790,group4
Cell3791,group1
Cell3792,group2
Cell3793,group4
Cell3794,group2
Cell3795,group1
Cell3796,group4
Cell3797,group1
Cell3798,group2
Cell3799,group4
Cell3800,group4
Cell3801,group2
Cell3802,group2
Cell3803,group4
Cell3804,group1
Cell3805,group4
Cell3806,group4
Cell3807,group4
Cell3808,group4
Cell3809,group2
Cell3810,group2
Cell3811,group4
Cell3812,group2
Cell3813,group4
Cell3814,group1
Cell3815,group2
Cell3816,group4
Cell3817,group4
Cell3818,group4
Cell3819,group4
Cell3820,group2
Cell3821,group2
Cell3822,group2
Cell3823,group1
Cell3824,group4
Cell3825,group4
Cell3826,group2
Cell3827,group1
Cell3828,group4
Cell3829,group2
Cell3830,group1
Cell3831,group1
Cell3832,group2
Cell3833,group4
Cell3834,group4
Cell3835,group2
Cell3836,group4
Cell3837,group4
Cell3838,group2
Cell3839,group1
Cell3840,group1
Cell3841,group4
Cell3842,group1
Cell3843,group2
Cell3844,group1
Cell3845,group1
Cell3846,group1
Cell3847,group1
Cell3848,group1
Cell3849,group4
Cell3850,group2
Cell3851,group4
Cell3852,group2
Cell3853,group4
Cell3854,group1
Cell3855,group2
Cell3856,group4
Cell3857,group4
Cell3858,group2
Cell3859,group4
Cell3860,group4
Cell3861,group2
Cell3862,group2
Cell3863,group1
Cell3864,group2
Cell3865,group4
Cell3866,group4
Cell3867,group1
Cell3868,group4
Cell3869,group4
Cell3870,group1
Cell3871,group2
Cell3872,group2
Cell3873,group2
Cell3874,group4
Cell3875,group1
Cell3876,group2
Cell3877,group4
Cell3878,group1
Cell3879,group1
Cell3880,group2
Cell3881,group4
Cell3882,group2
Cell3883,group4
Cell3884,group4
Cell3885,group4
Cell3886,group2
Cell3887,group1
Cell3888,group1
Cell3889,group4
Cell3890,group1
Cell3891,group4
Cell3892,group4
Cell3893,group4
Cell3894,group2
Cell3895,group4
Cell3896,group2
Cell3897,group4
Cell3898,group2
Cell3899,group2
Cell3900,group1
Cell3901,group1
Cell3902,group4
Cell3903,group1
Cell3904,group1
Cell3905,group2
Cell3906,group4
Cell3907,group2
Cell3908,group1
Cell3909,group4
Cell3910,group2
Cell3911,group4
Cell3912,group4
Cell3913,group1
Cell3914,group4
Cell3915,group4
Cell3916,group4
Cell3917,group4
Cell3918,group4
Cell3919,group4
Cell3920,group4
Cell3921,group4
Cell3922,group4
Cell3923,group2
Cell3924,group4
Cell3925,group2
Cell3926,group4
Cell3927,group1
Cell3928,group1
Cell3929,group2
Cell3930,group2
Cell3931,group4
Cell3932,group2
Cell3933,group4
Cell3934,group2
Cell3935,group1
Cell3936,group1
Cell3937,group1
Cell3938,group2
Cell3939,group1
Cell3940,group2
Cell3941,group4
Cell3942,group4
Cell3943,group4
Cell3944,group2
Cell3945,group4
Cell3946,group4
Cell3947,group1
Cell3948,group2
Cell3949,group1
Cell3950,group2
Cell3951,group4
Cell3952,group4
Cell3953,group4
Cell3954,group1
Cell3955,group2
Cell3956,group4
Cell3957,group2
Cell3958,group2
Cell3959,group4
Cell3960,group4
Cell3961,group1
Cell3962,group4
Cell3963,group2
Cell3964,group4
Cell3965,group4
Cell3966,group4
Cell3967,group4
Cell3968,group4
Cell3969,group4
Cell3970,group4
Cell3971,group4
Cell3972,group4
Cell3973,group4
Cell3974,group1
Cell3975,group4
Cell3976,group2
Cell3977,group4
Cell3978,group4
Cell3979,group1
Cell3980,group4
Cell3981,group1
Cell3982,group4
Cell3983,group2
Cell3984,group2
Cell3985,group4
Cell3986,group4
Cell3987,group4
Cell3988,group4
Cell3989,group4
Cell3990,group2
Cell3991,group2
Cell3992,group1
Cell3993,group4
Cell3994,group1
Cell3995,group4
Cell3996,group4
Cell3997,group1
Cell3998,group4
Cell3999,group1
Cell4000,group4
